[
  {
    "host": "github.githubassets.com",
    "port": 443
  },
  {
    "host": "objects.githubusercontent.com",
    "port": 443
  },
  {
    "host": "github.com",
    "port": 443
  },
  {
    "host": "raw.githubusercontent.com",
    "port": 443
  },
  {
    "host": "avatars.githubusercontent.com",
    "port": 443
  },
  {
    "host": "baiduspider.github.io",
    "port": 443
  },
  {
    "host": "fonts.geekzu.org",
    "port": 443
  },
  {
    "host": "api.github.com",
    "port": 443
  },
  {
    "host": "edgeassetservice.azureedge.net",
    "port": 443
  },
  {
    "host": "collector.github.com",
    "port": 443
  },
  {
    "host": "edgestatic.azureedge.net",
    "port": 443
  },
  {
    "host": "login.live.com",
    "port": 443
  },
  {
    "host": "camo.githubusercontent.com",
    "port": 443
  },
  {
    "host": "codeload.github.com",
    "port": 443
  }
]